store_id,Total_Sales,Total_Forecast,Forecast_Error_Percent
S004,205927,229192.04993724823,11.3
S003,207621,231736.68006515503,11.62
S005,205357,230420.44006443024,12.2
S001,209279,235493.13005161285,12.53
S002,205774,231939.09000372887,12.72
